category,account,"Sep. 30, 2020","Sep. 30, 2019","Sep. 30, 2020 ||","Sep. 30, 2019 ||"
CONSOLIDATED STATEMENTS OF OPERATIONS,Revenue from third-parties,10618.0,250.0,15681.0,950.0
CONSOLIDATED STATEMENTS OF OPERATIONS,Revenue from related parties,2.0,2854.0,9.0,43554.0
CONSOLIDATED STATEMENTS OF OPERATIONS,Total revenue,10620.0,3104.0,15690.0,44504.0
CONSOLIDATED STATEMENTS OF OPERATIONS,Cost of revenue from third-parties,9906.0,244.0,14674.0,751.0
CONSOLIDATED STATEMENTS OF OPERATIONS,Cost of revenue from related parties,0.0,0.0,2.0,467.0
CONSOLIDATED STATEMENTS OF OPERATIONS,Gross profit,714.0,2860.0,1014.0,43286.0
Operating expenses,Selling,7636.0,7770.0,20188.0,18443.0
Operating expenses,Research and development,1318.0,0.0,1318.0,0.0
Operating expenses,Professional fees,3968.0,1389.0,8096.0,3918.0
Operating expenses,Impairment loss,3275.0,2299.0,10363.0,2299.0
Operating expenses,Change in fair value of contingent consideration,-4179.0,0.0,-2900.0,0.0
Operating expenses,Depreciation and amortization,695.0,806.0,1651.0,1420.0
Operating expenses,Total operating expense,12713.0,12264.0,38716.0,26080.0
Operating expenses,Income (loss) from operations,-11999.0,-9404.0,-37702.0,17206.0
Interest and other income (expense),Interest expense,-2014.0,-639.0,-14061.0,-1955.0
Interest and other income (expense),Equity in income (loss) of equity method investees,7.0,-40.0,-8.0,-606.0
Interest and other income (expense),Gain on disposal of subsidiaries,0.0,1057.0,0.0,1057.0
Interest and other income (expense),Loss on remeasurement of DBOT investment,0.0,-3179.0,0.0,-3179.0
Interest and other income (expense),Conversion expense,0.0,0.0,-2266.0,0.0
Interest and other income (expense),Other income (expense),5283.0,-100.0,6272.0,-156.0
Interest and other income (expense),Income (loss) before income taxes and non-controlling interest,-8723.0,-12305.0,-47765.0,12367.0
Interest and other income (expense),Income tax benefit,0.0,0.0,0.0,514.0
Interest and other income (expense),Net income (loss),0.0,-12305.0,-47765.0,12881.0
Interest and other income (expense),Deemed dividend related to warrant repricing,0.0,0.0,-184.0,0.0
Interest and other income (expense),Net loss (income) attributable to non-controlling interest,437.0,-1408.0,737.0,-1374.0
Interest and other income (expense),Net income (loss) attributable to IDEX common shareholders,-8286.0,-13713.0,-47212.0,11507.0
Earnings (loss) per share,Basic (in dollars per shares),-0.03,-0.11,-0.25,0.1
Earnings (loss) per share,Diluted (in dollars per shares),-0.03,-0.11,-0.25,0.1
Weighted average shares outstanding,Basic (in shares),237535999.0,127609748.0,191976856.0,113964933.0
Weighted average shares outstanding,Diluted (in shares),237535999.0,127609748.0,191976856.0,118319893.0
